Month,Production,Year
April,https://www.londontheatredirect.com/musical/wicked-tickets,2026
April,https://www.londontheatredirect.com/musical/matilda-the-musical-tickets,2026
April,https://www.londontheatredirect.com/play/witness-for-the-prosecution-tickets,2026
April,https://www.londontheatredirect.com/musical/six-london-vaudeville-theatre-tickets,2026
April,https://www.londontheatredirect.com/play/the-play-that-goes-wrong-tickets,2026
April,https://www.londontheatredirect.com/play/im-sorry-prime-minister-tickets,2026
April,https://www.londontheatredirect.com/musical/into-the-woods-tickets,2026
April,https://www.londontheatredirect.com/musical/dirty-dancing-capital-tickets,2026
April,https://www.londontheatredirect.com/concert/the-shoop-shoop-show-the-cher-collection-tickets,2026
April,https://www.londontheatredirect.com/play/please-please-me,2026
August,https://www.londontheatredirect.com/musical/the-great-gatsby-tickets,2025
August,https://www.londontheatredirect.com/musical/the-devil-wears-prada-tickets,2025
August,https://www.londontheatredirect.com/musical/wicked-tickets,2025
August,https://www.londontheatredirect.com/musical/matilda-the-musical-tickets,2025
August,https://www.londontheatredirect.com/musical/moulin-rouge-tickets,2025
August,https://www.londontheatredirect.com/musical/tina-the-tina-turner-musical-tickets,2025
August,https://www.londontheatredirect.com/musical/back-to-the-future-tickets,2025
August,https://www.londontheatredirect.com/musical/the-lion-king-tickets,2025
August,https://www.londontheatredirect.com/musical/mj-the-musical-tickets,2025
August,https://www.londontheatredirect.com/musical/evita-the-musical-tickets,2025
August,https://www.londontheatredirect.com/musical/cabaret-london-tickets,2025
August,https://www.londontheatredirect.com/musical/mamma-mia-tickets,2025
August,https://www.londontheatredirect.com/musical/phantom-of-the-opera-tickets,2025
August,https://www.londontheatredirect.com/musical/les-miserables-tickets,2025
August,https://www.londontheatredirect.com/musical/the-book-of-mormon-tickets,2025
August,https://www.londontheatredirect.com/musical/hercules-tickets,2025
August,https://www.londontheatredirect.com/play/the-comedy-about-spies-tickets,2025
August,https://www.londontheatredirect.com/musical/hadestown-tickets,2025
August,https://www.londontheatredirect.com/play/john-cleeses-fawlty-towers-the-play-tickets,2025
August,https://www.londontheatredirect.com/play/harry-potter-and-the-cursed-child-tickets,2025
August,https://www.londontheatredirect.com/musical/clueless-tickets,2025
August,https://www.londontheatredirect.com/play/my-neighbour-totoro-tickets,2025
August,https://www.londontheatredirect.com/musical/starlight-express-tickets,2025
August,https://www.londontheatredirect.com/musical/come-alive-the-greatest-showman-circus-spectacular-tickets,2025
August,https://www.londontheatredirect.com/musical/titanique-tickets,2025
August,https://www.londontheatredirect.com/play/stranger-things-the-first-shadow-tickets,2025
August,https://www.londontheatredirect.com/musical/magic-mike-live-tickets,2025
August,https://www.londontheatredirect.com/play/stereophonic-tickets,2025
August,https://www.londontheatredirect.com/musical/the-curious-case-of-benjamin-button-tickets,2025
August,https://www.londontheatredirect.com/musical/just-for-one-day-tickets,2025
August,https://www.londontheatredirect.com/musical/hamilton-west-end-tickets,2025
August,https://www.londontheatredirect.com/musical/101-dalmatians-tickets,2025
August,https://www.londontheatredirect.com/play/the-play-that-goes-wrong-tickets,2025
August,https://www.londontheatredirect.com/musical/oliver-gielgud-tickets,2025
August,https://www.londontheatredirect.com/play/witness-for-the-prosecution-tickets,2025
August,https://www.londontheatredirect.com/play/mrs-warrens-profession-theatre-tickets,2025
August,https://www.londontheatredirect.com/musical/abba-voyage-tickets,2025
August,https://www.londontheatredirect.com/musical/six-london-vaudeville-theatre-tickets,2025
August,https://www.londontheatredirect.com/play/a-man-for-all-seasons-london-tickets,2025
August,https://www.londontheatredirect.com/musical/girl-from-the-north-country-tickets,2025
August,https://www.londontheatredirect.com/musical/the-enormous-crocodile-tickets,2025
August,https://www.londontheatredirect.com/play/good-night-oscar-tickets,2025
August,https://www.londontheatredirect.com/play/a-midsummer-nights-dream-london-tickets,2025
August,https://www.londontheatredirect.com/play/the-lion-the-witch-and-the-wardrobe-london-tickets,2025
August,https://www.londontheatredirect.com/play/the-mousetrap-tickets,2025
August,https://www.londontheatredirect.com/musical/choir-of-man-tickets,2025
August,https://www.londontheatredirect.com/musical/burlesque-musical-tickets,2025
August,https://www.londontheatredirect.com/musical/brigadoon-tickets,2025
August,https://www.londontheatredirect.com/play/till-the-stars-come-down-tickets,2025
August,https://www.londontheatredirect.com/experience/faulty-towers-the-dining-experience-tickets,2025
August,https://www.londontheatredirect.com/play/horrible-histories-barmy-britain-the-best-bits-tickets,2025
August,https://www.londontheatredirect.com/musical/diamonds-and-dust-tickets,2025
August,https://www.londontheatredirect.com/dance/peaky-blinders-the-redemption-of-thomas-shelby-tickets,2025
August,https://www.londontheatredirect.com/play/born-with-teeth-tickets,2025
August,https://www.londontheatredirect.com/play/the-smeds-and-the-smoos,2025
August,https://www.londontheatredirect.com/play/alice-in-wonderland-london-tickets,2025
August,https://www.londontheatredirect.com/play/giant-tickets,2025
August,https://www.londontheatredirect.com/musical/the-producers-tickets,2025
August,https://www.londontheatredirect.com/play/the-merry-wives-of-windsor-tickets,2025
August,https://www.londontheatredirect.com/musical/sing-street-tickets,2025
August,https://www.londontheatredirect.com/play/romeo-and-juliet-london-tickets,2025
August,https://www.londontheatredirect.com/play/war-horse-tickets,2025
August,https://www.londontheatredirect.com/musical/the-diana-mixtape-tickets,2025
August,https://www.londontheatredirect.com/experience/storehouse-tickets,2025
August,https://www.londontheatredirect.com/play/hold-on-to-your-butts-tickets,2025
August,https://www.londontheatredirect.com/musical/hadestown-photo-op-tickets,2025
August,https://www.londontheatredirect.com/musical/oscar-at-the-crown-tickets,2025
August,https://www.londontheatredirect.com/play/the-daughter-of-time-tickets,2025
August,https://www.londontheatredirect.com/musical/saving-mozart-tickets,2025
August,https://www.londontheatredirect.com/play/twelfth-night-london-tickets,2025
August,https://www.londontheatredirect.com/play/a-role-to-die-for-tickets,2025
August,https://www.londontheatredirect.com/play/echo-london-tickets,2025
August,https://www.londontheatredirect.com/play/four-play-tickets,2025
August,https://www.londontheatredirect.com/play/that-bastard-puccini-tickets,2025
August,https://www.londontheatredirect.com/play/henry-v-tickets,2025
August,https://www.londontheatredirect.com/play/macbeth-london-tickets,2025
August,https://www.londontheatredirect.com/play/vanity-fair-tickets,2025
August,https://www.londontheatredirect.com/play/the-gathered-leaves-tickets,2025
August,https://www.londontheatredirect.com/dance/eireann-tickets,2025
August,https://www.londontheatredirect.com/play/rough-magic-tickets,2025
August,https://www.londontheatredirect.com/play/the-pitchfork-disney-tickets,2025
August,https://www.londontheatredirect.com/play/every-brilliant-thing-tickets,2025
August,https://www.londontheatredirect.com/experience/bridge-command-experience-tickets,2025
August,https://www.londontheatredirect.com/play/the-tiger-who-came-to-tea-tickets,2025
December,https://www.londontheatredirect.com/musical/the-devil-wears-prada-tickets,2025
December,https://www.londontheatredirect.com/musical/wicked-tickets,2025
December,https://www.londontheatredirect.com/musical/matilda-the-musical-tickets,2025
December,https://www.londontheatredirect.com/musical/moulin-rouge-tickets,2025
December,https://www.londontheatredirect.com/musical/back-to-the-future-tickets,2025
December,https://www.londontheatredirect.com/musical/the-lion-king-tickets,2025
December,https://www.londontheatredirect.com/musical/mj-the-musical-tickets,2025
December,https://www.londontheatredirect.com/musical/cabaret-london-tickets,2025
December,https://www.londontheatredirect.com/musical/mamma-mia-tickets,2025
December,https://www.londontheatredirect.com/musical/phantom-of-the-opera-tickets,2025
December,https://www.londontheatredirect.com/musical/les-miserables-tickets,2025
December,https://www.londontheatredirect.com/musical/hercules-tickets,2025
December,https://www.londontheatredirect.com/musical/hadestown-tickets,2025
December,https://www.londontheatredirect.com/play/harry-potter-and-the-cursed-child-tickets,2025
December,https://www.londontheatredirect.com/musical/clueless-tickets,2025
December,https://www.londontheatredirect.com/play/my-neighbour-totoro-tickets,2025
December,https://www.londontheatredirect.com/musical/starlight-express-tickets,2025
December,https://www.londontheatredirect.com/musical/titanique-tickets,2025
December,https://www.londontheatredirect.com/musical/magic-mike-live-tickets,2025
December,https://www.londontheatredirect.com/musical/just-for-one-day-tickets,2025
December,https://www.londontheatredirect.com/musical/hamilton-west-end-tickets,2025
December,https://www.londontheatredirect.com/musical/come-alive-the-greatest-showman-circus-spectacular-tickets,2025
December,https://www.londontheatredirect.com/musical/oliver-gielgud-tickets,2025
December,https://www.londontheatredirect.com/play/witness-for-the-prosecution-tickets,2025
December,https://www.londontheatredirect.com/musical/abba-voyage-tickets,2025
December,https://www.londontheatredirect.com/musical/six-london-vaudeville-theatre-tickets,2025
December,https://www.londontheatredirect.com/play/the-play-that-goes-wrong-tickets,2025
December,https://www.londontheatredirect.com/play/othello-tickets,2025
December,https://www.londontheatredirect.com/play/christmas-carol-goes-wrong-tickets,2025
December,https://www.londontheatredirect.com/play/the-mousetrap-tickets,2025
December,https://www.londontheatredirect.com/musical/choir-of-man-tickets,2025
December,https://www.londontheatredirect.com/play/all-my-sons-tickets,2025
December,https://www.londontheatredirect.com/play/the-importance-of-being-earnest-london-tickets,2025
December,https://www.londontheatredirect.com/play/christmas-carol-ghost-story-tickets,2025
December,https://www.londontheatredirect.com/experience/faulty-towers-the-dining-experience-tickets,2025
December,https://www.londontheatredirect.com/musical/the-producers-tickets,2025
December,https://www.londontheatredirect.com/musical/into-the-woods-tickets,2025
December,https://www.londontheatredirect.com/play/the-weir-tickets,2025
December,https://www.londontheatredirect.com/play/the-spy-who-came-in-from-the-cold-tickets,2025
December,https://www.londontheatredirect.com/musical/dirty-dancing-capital-tickets,2025
December,https://www.londontheatredirect.com/play/austentatious-tickets,2025
December,https://www.londontheatredirect.com/musical/showstopper-the-improvised-musical-london-tickets,2025
December,https://www.londontheatredirect.com/musical/lovers-actually-tickets,2025
December,https://www.londontheatredirect.com/play/stick-man-tickets,2025
December,https://www.londontheatredirect.com/dance/christmas-with-anton-du-beke-tickets,2025
December,https://www.londontheatredirect.com/pantomime/potted-panto-london-tickets,2025
December,https://www.londontheatredirect.com/musical/the-elvis-years-tickets,2025
December,https://www.londontheatredirect.com/play/peppa-pigs-big-family-show-tickets,2025
December,https://www.londontheatredirect.com/play/maddie-moates-very-curious-christmas-tickets,2025
December,https://www.londontheatredirect.com/musical/coven-tickets,2025
December,https://www.londontheatredirect.com/experience/great-christmas-feast-tickets,2025
February,https://www.londontheatredirect.com/musical/wicked-tickets,2026
February,https://www.londontheatredirect.com/musical/matilda-the-musical-tickets,2026
February,https://www.londontheatredirect.com/musical/moulin-rouge-tickets,2026
February,https://www.londontheatredirect.com/musical/the-lion-king-tickets,2026
February,https://www.londontheatredirect.com/musical/mj-the-musical-tickets,2026
February,https://www.londontheatredirect.com/musical/cabaret-london-tickets,2026
February,https://www.londontheatredirect.com/musical/mamma-mia-tickets,2026
February,https://www.londontheatredirect.com/musical/phantom-of-the-opera-tickets,2026
February,https://www.londontheatredirect.com/musical/les-miserables-tickets,2026
February,https://www.londontheatredirect.com/musical/hercules-tickets,2026
February,https://www.londontheatredirect.com/musical/hadestown-tickets,2026
February,https://www.londontheatredirect.com/play/harry-potter-and-the-cursed-child-tickets,2026
February,https://www.londontheatredirect.com/musical/clueless-tickets,2026
February,https://www.londontheatredirect.com/play/my-neighbour-totoro-tickets,2026
February,https://www.londontheatredirect.com/musical/starlight-express-tickets,2026
February,https://www.londontheatredirect.com/musical/hamilton-west-end-tickets,2026
February,https://www.londontheatredirect.com/musical/come-alive-the-greatest-showman-circus-spectacular-tickets,2026
February,https://www.londontheatredirect.com/musical/oliver-gielgud-tickets,2026
February,https://www.londontheatredirect.com/play/witness-for-the-prosecution-tickets,2026
February,https://www.londontheatredirect.com/musical/six-london-vaudeville-theatre-tickets,2026
February,https://www.londontheatredirect.com/play/the-play-that-goes-wrong-tickets,2026
February,https://www.londontheatredirect.com/play/the-mousetrap-tickets,2026
February,https://www.londontheatredirect.com/play/all-my-sons-tickets,2026
February,https://www.londontheatredirect.com/play/im-sorry-prime-minister-tickets,2026
February,https://www.londontheatredirect.com/musical/the-producers-tickets,2026
February,https://www.londontheatredirect.com/musical/into-the-woods-tickets,2026
February,https://www.londontheatredirect.com/play/the-spy-who-came-in-from-the-cold-tickets,2026
February,https://www.londontheatredirect.com/musical/dirty-dancing-capital-tickets,2026
February,https://www.londontheatredirect.com/musical/sunny-afternoon-tickets,2026
February,https://www.londontheatredirect.com/play/the-rat-trap-tickets,2026
February,https://www.londontheatredirect.com/play/seagulls-tickets,2026
January,https://www.londontheatredirect.com/musical/the-devil-wears-prada-tickets,2026
January,https://www.londontheatredirect.com/musical/wicked-tickets,2026
January,https://www.londontheatredirect.com/musical/matilda-the-musical-tickets,2026
January,https://www.londontheatredirect.com/musical/moulin-rouge-tickets,2026
January,https://www.londontheatredirect.com/musical/back-to-the-future-tickets,2026
January,https://www.londontheatredirect.com/musical/the-lion-king-tickets,2026
January,https://www.londontheatredirect.com/musical/mj-the-musical-tickets,2026
January,https://www.londontheatredirect.com/musical/cabaret-london-tickets,2026
January,https://www.londontheatredirect.com/musical/mamma-mia-tickets,2026
January,https://www.londontheatredirect.com/musical/phantom-of-the-opera-tickets,2026
January,https://www.londontheatredirect.com/musical/les-miserables-tickets,2026
January,https://www.londontheatredirect.com/musical/hercules-tickets,2026
January,https://www.londontheatredirect.com/musical/hadestown-tickets,2026
January,https://www.londontheatredirect.com/play/harry-potter-and-the-cursed-child-tickets,2026
January,https://www.londontheatredirect.com/musical/clueless-tickets,2026
January,https://www.londontheatredirect.com/play/my-neighbour-totoro-tickets,2026
January,https://www.londontheatredirect.com/musical/starlight-express-tickets,2026
January,https://www.londontheatredirect.com/musical/titanique-tickets,2026
January,https://www.londontheatredirect.com/musical/magic-mike-live-tickets,2026
January,https://www.londontheatredirect.com/musical/just-for-one-day-tickets,2026
January,https://www.londontheatredirect.com/musical/hamilton-west-end-tickets,2026
January,https://www.londontheatredirect.com/musical/come-alive-the-greatest-showman-circus-spectacular-tickets,2026
January,https://www.londontheatredirect.com/musical/oliver-gielgud-tickets,2026
January,https://www.londontheatredirect.com/play/witness-for-the-prosecution-tickets,2026
January,https://www.londontheatredirect.com/musical/abba-voyage-tickets,2026
January,https://www.londontheatredirect.com/musical/six-london-vaudeville-theatre-tickets,2026
January,https://www.londontheatredirect.com/play/the-play-that-goes-wrong-tickets,2026
January,https://www.londontheatredirect.com/play/othello-tickets,2026
January,https://www.londontheatredirect.com/play/christmas-carol-goes-wrong-tickets,2026
January,https://www.londontheatredirect.com/play/the-mousetrap-tickets,2026
January,https://www.londontheatredirect.com/musical/choir-of-man-tickets,2026
January,https://www.londontheatredirect.com/play/all-my-sons-tickets,2026
January,https://www.londontheatredirect.com/play/the-importance-of-being-earnest-london-tickets,2026
January,https://www.londontheatredirect.com/play/christmas-carol-ghost-story-tickets,2026
January,https://www.londontheatredirect.com/play/im-sorry-prime-minister-tickets,2026
January,https://www.londontheatredirect.com/musical/the-producers-tickets,2026
January,https://www.londontheatredirect.com/musical/into-the-woods-tickets,2026
January,https://www.londontheatredirect.com/concert/an-evening-with-west-ham-legends-tickets,2026
January,https://www.londontheatredirect.com/play/the-spy-who-came-in-from-the-cold-tickets,2026
January,https://www.londontheatredirect.com/musical/dirty-dancing-capital-tickets,2026
January,https://www.londontheatredirect.com/musical/lovers-actually-tickets,2026
January,https://www.londontheatredirect.com/play/stick-man-tickets,2026
January,https://www.londontheatredirect.com/musical/sunny-afternoon-tickets,2026
January,https://www.londontheatredirect.com/play/the-rat-trap-tickets,2026
January,https://www.londontheatredirect.com/pantomime/potted-panto-london-tickets,2026
January,https://www.londontheatredirect.com/play/peppa-pigs-big-family-show-tickets,2026
January,https://www.londontheatredirect.com/play/maddie-moates-very-curious-christmas-tickets,2026
January,https://www.londontheatredirect.com/musical/six-singalong-tickets,2026
January,https://www.londontheatredirect.com/experience/great-christmas-feast-tickets,2026
July,https://www.londontheatredirect.com/musical/the-great-gatsby-tickets,2025
July,https://www.londontheatredirect.com/musical/the-devil-wears-prada-tickets,2025
July,https://www.londontheatredirect.com/musical/wicked-tickets,2025
July,https://www.londontheatredirect.com/musical/matilda-the-musical-tickets,2025
July,https://www.londontheatredirect.com/musical/moulin-rouge-tickets,2025
July,https://www.londontheatredirect.com/musical/tina-the-tina-turner-musical-tickets,2025
July,https://www.londontheatredirect.com/musical/back-to-the-future-tickets,2025
July,https://www.londontheatredirect.com/musical/the-lion-king-tickets,2025
July,https://www.londontheatredirect.com/musical/mj-the-musical-tickets,2025
July,https://www.londontheatredirect.com/musical/evita-the-musical-tickets,2025
July,https://www.londontheatredirect.com/musical/cabaret-london-tickets,2025
July,https://www.londontheatredirect.com/musical/mamma-mia-tickets,2025
July,https://www.londontheatredirect.com/musical/phantom-of-the-opera-tickets,2025
July,https://www.londontheatredirect.com/musical/les-miserables-tickets,2025
July,https://www.londontheatredirect.com/musical/the-book-of-mormon-tickets,2025
July,https://www.londontheatredirect.com/musical/hercules-tickets,2025
July,https://www.londontheatredirect.com/play/the-comedy-about-spies-tickets,2025
July,https://www.londontheatredirect.com/musical/hadestown-tickets,2025
July,https://www.londontheatredirect.com/play/noughts-crosses-tickets,2025
July,https://www.londontheatredirect.com/play/john-cleeses-fawlty-towers-the-play-tickets,2025
July,https://www.londontheatredirect.com/play/harry-potter-and-the-cursed-child-tickets,2025
July,https://www.londontheatredirect.com/play/my-master-builder-tickets,2025
July,https://www.londontheatredirect.com/musical/clueless-tickets,2025
July,https://www.londontheatredirect.com/play/my-neighbour-totoro-tickets,2025
July,https://www.londontheatredirect.com/musical/starlight-express-tickets,2025
July,https://www.londontheatredirect.com/musical/come-alive-the-greatest-showman-circus-spectacular-tickets,2025
July,https://www.londontheatredirect.com/musical/titanique-tickets,2025
July,https://www.londontheatredirect.com/play/stranger-things-the-first-shadow-tickets,2025
July,https://www.londontheatredirect.com/musical/magic-mike-live-tickets,2025
July,https://www.londontheatredirect.com/play/stereophonic-tickets,2025
July,https://www.londontheatredirect.com/musical/the-curious-case-of-benjamin-button-tickets,2025
July,https://www.londontheatredirect.com/musical/just-for-one-day-tickets,2025
July,https://www.londontheatredirect.com/musical/hamilton-west-end-tickets,2025
July,https://www.londontheatredirect.com/musical/101-dalmatians-tickets,2025
July,https://www.londontheatredirect.com/play/the-play-that-goes-wrong-tickets,2025
July,https://www.londontheatredirect.com/musical/oliver-gielgud-tickets,2025
July,https://www.londontheatredirect.com/play/witness-for-the-prosecution-tickets,2025
July,https://www.londontheatredirect.com/play/mrs-warrens-profession-theatre-tickets,2025
July,https://www.londontheatredirect.com/musical/fiddler-on-the-roof-tickets,2025
July,https://www.londontheatredirect.com/musical/abba-voyage-tickets,2025
July,https://www.londontheatredirect.com/musical/six-london-vaudeville-theatre-tickets,2025
July,https://www.londontheatredirect.com/musical/girl-from-the-north-country-tickets,2025
July,https://www.londontheatredirect.com/play/a-midsummer-nights-dream-london-tickets,2025
July,https://www.londontheatredirect.com/play/the-mousetrap-tickets,2025
July,https://www.londontheatredirect.com/musical/choir-of-man-tickets,2025
July,https://www.londontheatredirect.com/musical/burlesque-musical-tickets,2025
July,https://www.londontheatredirect.com/play/till-the-stars-come-down-tickets,2025
July,https://www.londontheatredirect.com/experience/faulty-towers-the-dining-experience-tickets,2025
July,https://www.londontheatredirect.com/musical/diamonds-and-dust-tickets,2025
July,https://www.londontheatredirect.com/play/the-smeds-and-the-smoos,2025
July,https://www.londontheatredirect.com/play/alice-in-wonderland-london-tickets,2025
July,https://www.londontheatredirect.com/play/giant-tickets,2025
July,https://www.londontheatredirect.com/play/the-merry-wives-of-windsor-tickets,2025
July,https://www.londontheatredirect.com/musical/sing-street-tickets,2025
July,https://www.londontheatredirect.com/play/romeo-and-juliet-london-tickets,2025
July,https://www.londontheatredirect.com/dance/quadrophenia-tickets,2025
July,https://www.londontheatredirect.com/musical/fiddler-on-the-roof-photo-op-tickets,2025
July,https://www.londontheatredirect.com/musical/the-diana-mixtape-tickets,2025
July,https://www.londontheatredirect.com/experience/storehouse-tickets,2025
July,https://www.londontheatredirect.com/play/the-fifth-step-tickets,2025
July,https://www.londontheatredirect.com/musical/the-ministry-of-lesbian-affairs-tickets,2025
July,https://www.londontheatredirect.com/play/the-crucible-tickets,2025
July,https://www.londontheatredirect.com/musical/pop-off-michelangelo-tickets,2025
July,https://www.londontheatredirect.com/play/hold-on-to-your-butts-tickets,2025
July,https://www.londontheatredirect.com/musical/starlight-express-photo-op-tickets,2025
July,https://www.londontheatredirect.com/musical/oscar-at-the-crown-tickets,2025
July,https://www.londontheatredirect.com/play/the-daughter-of-time-tickets,2025
July,https://www.londontheatredirect.com/musical/saving-mozart-tickets,2025
July,https://www.londontheatredirect.com/play/a-role-to-die-for-tickets,2025
July,https://www.londontheatredirect.com/musical/sabrage-tickets,2025
July,https://www.londontheatredirect.com/play/this-bitter-earth-tickets,2025
July,https://www.londontheatredirect.com/concert/toms-elton-tribute-tickets,2025
July,https://www.londontheatredirect.com/play/echo-london-tickets,2025
July,https://www.londontheatredirect.com/musical/showstopper-the-improvised-musical-london-tickets,2025
July,https://www.londontheatredirect.com/play/robin-hood-tickets,2025
July,https://www.londontheatredirect.com/play/sense-and-sensibility-tickets,2025
July,https://www.londontheatredirect.com/play/four-play-tickets,2025
July,https://www.londontheatredirect.com/opera/semele-tickets,2025
July,https://www.londontheatredirect.com/play/henry-v-tickets,2025
July,https://www.londontheatredirect.com/musical/beautiful-world-cabaret-tickets,2025
July,https://www.londontheatredirect.com/play/a-midsummer-nights-dream-tickets,2025
July,https://www.londontheatredirect.com/play/vanity-fair-tickets,2025
July,https://www.londontheatredirect.com/concert/carly-paoli-and-friends-hollywood-to-broadway-tickets,2025
July,https://www.londontheatredirect.com/musical/the-wind-in-the-willows-tickets,2025
July,https://www.londontheatredirect.com/play/that-bastard-puccini-tickets,2025
July,https://www.londontheatredirect.com/dance/anton-and-giovanni-together-again-tickets,2025
July,https://www.londontheatredirect.com/concert/an-evening-with-cameron-mitchell-tickets,2025
July,https://www.londontheatredirect.com/opera/il-trovatore-tickets,2025
July,https://www.londontheatredirect.com/play/austentatious-tickets,2025
July,https://www.londontheatredirect.com/musical/54-60-africa-tickets,2025
July,https://www.londontheatredirect.com/play/rough-magic-tickets,2025
July,https://www.londontheatredirect.com/play/our-cosmic-dust-tickets,2025
July,https://www.londontheatredirect.com/play/alice-through-the-looking-glass-tickets,2025
July,https://www.londontheatredirect.com/musical/titanique-photo-op-tickets,2025
July,https://www.londontheatredirect.com/play/one-way-out-tickets,2025
July,https://www.londontheatredirect.com/dinner-and-show/back-to-the-future-afternoon-tea-at-the-cumberland-hotel,2025
July,https://www.londontheatredirect.com/musical/six-singalong-tickets,2025
July,https://www.londontheatredirect.com/musical/the-rocky-horror-show-tickets,2025
July,https://www.londontheatredirect.com/play/jemima-puddle-duck-tickets,2025
July,https://www.londontheatredirect.com/musical/lil-miss-lady-tickets,2025
July,https://www.londontheatredirect.com/play/showmanism-tickets,2025
July,https://www.londontheatredirect.com/experience/bridge-command-experience-tickets,2025
July,https://www.londontheatredirect.com/play/the-tiger-who-came-to-tea-tickets,2025
June,https://www.londontheatredirect.com/musical/the-great-gatsby-tickets,2025
June,https://www.londontheatredirect.com/musical/the-devil-wears-prada-tickets,2025
June,https://www.londontheatredirect.com/musical/wicked-tickets,2025
June,https://www.londontheatredirect.com/musical/matilda-the-musical-tickets,2025
June,https://www.londontheatredirect.com/musical/moulin-rouge-tickets,2025
June,https://www.londontheatredirect.com/musical/tina-the-tina-turner-musical-tickets,2025
June,https://www.londontheatredirect.com/musical/back-to-the-future-tickets,2025
June,https://www.londontheatredirect.com/musical/the-lion-king-tickets,2025
June,https://www.londontheatredirect.com/musical/mj-the-musical-tickets,2025
June,https://www.londontheatredirect.com/musical/evita-the-musical-tickets,2025
June,https://www.londontheatredirect.com/musical/cabaret-london-tickets,2025
June,https://www.londontheatredirect.com/musical/mamma-mia-tickets,2025
June,https://www.londontheatredirect.com/musical/phantom-of-the-opera-tickets,2025
June,https://www.londontheatredirect.com/musical/les-miserables-tickets,2025
June,https://www.londontheatredirect.com/musical/the-book-of-mormon-tickets,2025
June,https://www.londontheatredirect.com/play/the-comedy-about-spies-tickets,2025
June,https://www.londontheatredirect.com/musical/hercules-tickets,2025
June,https://www.londontheatredirect.com/musical/hadestown-tickets,2025
June,https://www.londontheatredirect.com/play/noughts-crosses-tickets,2025
June,https://www.londontheatredirect.com/play/john-cleeses-fawlty-towers-the-play-tickets,2025
June,https://www.londontheatredirect.com/play/harry-potter-and-the-cursed-child-tickets,2025
June,https://www.londontheatredirect.com/play/my-master-builder-tickets,2025
June,https://www.londontheatredirect.com/musical/clueless-tickets,2025
June,https://www.londontheatredirect.com/play/my-neighbour-totoro-tickets,2025
June,https://www.londontheatredirect.com/musical/starlight-express-tickets,2025
June,https://www.londontheatredirect.com/musical/titanique-tickets,2025
June,https://www.londontheatredirect.com/play/stranger-things-the-first-shadow-tickets,2025
June,https://www.londontheatredirect.com/musical/magic-mike-live-tickets,2025
June,https://www.londontheatredirect.com/play/stereophonic-tickets,2025
June,https://www.londontheatredirect.com/musical/the-curious-case-of-benjamin-button-tickets,2025
June,https://www.londontheatredirect.com/musical/just-for-one-day-tickets,2025
June,https://www.londontheatredirect.com/musical/hamilton-west-end-tickets,2025
June,https://www.londontheatredirect.com/musical/come-alive-the-greatest-showman-circus-spectacular-tickets,2025
June,https://www.londontheatredirect.com/musical/oliver-gielgud-tickets,2025
June,https://www.londontheatredirect.com/play/witness-for-the-prosecution-tickets,2025
June,https://www.londontheatredirect.com/play/mrs-warrens-profession-theatre-tickets,2025
June,https://www.londontheatredirect.com/musical/fiddler-on-the-roof-tickets,2025
June,https://www.londontheatredirect.com/musical/abba-voyage-tickets,2025
June,https://www.londontheatredirect.com/musical/six-london-vaudeville-theatre-tickets,2025
June,https://www.londontheatredirect.com/play/the-play-that-goes-wrong-tickets,2025
June,https://www.londontheatredirect.com/play/a-midsummer-nights-dream-london-tickets,2025
June,https://www.londontheatredirect.com/play/the-mousetrap-tickets,2025
June,https://www.londontheatredirect.com/musical/choir-of-man-tickets,2025
June,https://www.londontheatredirect.com/experience/faulty-towers-the-dining-experience-tickets,2025
June,https://www.londontheatredirect.com/musical/diamonds-and-dust-tickets,2025
June,https://www.londontheatredirect.com/play/giant-tickets,2025
June,https://www.londontheatredirect.com/play/romeo-and-juliet-london-tickets,2025
June,https://www.londontheatredirect.com/dance/quadrophenia-tickets,2025
June,https://www.londontheatredirect.com/experience/storehouse-tickets,2025
June,https://www.londontheatredirect.com/play/the-fifth-step-tickets,2025
June,https://www.londontheatredirect.com/musical/the-ministry-of-lesbian-affairs-tickets,2025
June,https://www.londontheatredirect.com/play/the-crucible-tickets,2025
June,https://www.londontheatredirect.com/musical/pop-off-michelangelo-tickets,2025
June,https://www.londontheatredirect.com/musical/oscar-at-the-crown-tickets,2025
June,https://www.londontheatredirect.com/musical/the-king-of-pangea-tickets,2025
June,https://www.londontheatredirect.com/play/stars-tickets,2025
June,https://www.londontheatredirect.com/musical/sabrage-tickets,2025
June,https://www.londontheatredirect.com/play/the-reckoning-tickets,2025
June,https://www.londontheatredirect.com/play/this-bitter-earth-tickets,2025
June,https://www.londontheatredirect.com/musical/elephant-tickets,2025
June,https://www.londontheatredirect.com/musical/potty-the-plant-tickets,2025
June,https://www.londontheatredirect.com/musical/54-60-africa-tickets,2025
June,https://www.londontheatredirect.com/play/our-cosmic-dust-tickets,2025
June,https://www.londontheatredirect.com/play/one-way-out-tickets,2025
June,https://www.londontheatredirect.com/dinner-and-show/back-to-the-future-afternoon-tea-at-the-cumberland-hotel,2025
June,https://www.londontheatredirect.com/play/showmanism-tickets,2025
June,https://www.londontheatredirect.com/experience/bridge-command-experience-tickets,2025
March,https://www.londontheatredirect.com/musical/wicked-tickets,2026
March,https://www.londontheatredirect.com/musical/matilda-the-musical-tickets,2026
March,https://www.londontheatredirect.com/musical/the-lion-king-tickets,2026
March,https://www.londontheatredirect.com/musical/mj-the-musical-tickets,2026
March,https://www.londontheatredirect.com/musical/cabaret-london-tickets,2026
March,https://www.londontheatredirect.com/musical/mamma-mia-tickets,2026
March,https://www.londontheatredirect.com/musical/phantom-of-the-opera-tickets,2026
March,https://www.londontheatredirect.com/musical/les-miserables-tickets,2026
March,https://www.londontheatredirect.com/musical/hercules-tickets,2026
March,https://www.londontheatredirect.com/musical/clueless-tickets,2026
March,https://www.londontheatredirect.com/play/my-neighbour-totoro-tickets,2026
March,https://www.londontheatredirect.com/musical/starlight-express-tickets,2026
March,https://www.londontheatredirect.com/musical/hamilton-west-end-tickets,2026
March,https://www.londontheatredirect.com/musical/oliver-gielgud-tickets,2026
March,https://www.londontheatredirect.com/play/witness-for-the-prosecution-tickets,2026
March,https://www.londontheatredirect.com/musical/six-london-vaudeville-theatre-tickets,2026
March,https://www.londontheatredirect.com/play/the-play-that-goes-wrong-tickets,2026
March,https://www.londontheatredirect.com/play/the-mousetrap-tickets,2026
March,https://www.londontheatredirect.com/play/all-my-sons-tickets,2026
March,https://www.londontheatredirect.com/play/im-sorry-prime-minister-tickets,2026
March,https://www.londontheatredirect.com/musical/into-the-woods-tickets,2026
March,https://www.londontheatredirect.com/musical/im-every-woman-the-chaka-khan-musical-tickets,2026
March,https://www.londontheatredirect.com/musical/dirty-dancing-capital-tickets,2026
March,https://www.londontheatredirect.com/play/the-rat-trap-tickets,2026
March,https://www.londontheatredirect.com/musical/pretty-vacant-tickets,2026
March,https://www.londontheatredirect.com/play/seagulls-tickets,2026
May,https://www.londontheatredirect.com/musical/wicked-tickets,2026
May,https://www.londontheatredirect.com/musical/matilda-the-musical-tickets,2026
May,https://www.londontheatredirect.com/musical/six-london-vaudeville-theatre-tickets,2026
May,https://www.londontheatredirect.com/play/the-play-that-goes-wrong-tickets,2026
May,https://www.londontheatredirect.com/musical/dirty-dancing-capital-tickets,2026
May,https://www.londontheatredirect.com/play/please-please-me,2026
May,https://www.londontheatredirect.com/musical/six-singalong-tickets,2026
November,https://www.londontheatredirect.com/musical/the-devil-wears-prada-tickets,2025
November,https://www.londontheatredirect.com/musical/wicked-tickets,2025
November,https://www.londontheatredirect.com/musical/matilda-the-musical-tickets,2025
November,https://www.londontheatredirect.com/musical/moulin-rouge-tickets,2025
November,https://www.londontheatredirect.com/musical/back-to-the-future-tickets,2025
November,https://www.londontheatredirect.com/musical/the-lion-king-tickets,2025
November,https://www.londontheatredirect.com/musical/mj-the-musical-tickets,2025
November,https://www.londontheatredirect.com/musical/cabaret-london-tickets,2025
November,https://www.londontheatredirect.com/musical/mamma-mia-tickets,2025
November,https://www.londontheatredirect.com/musical/phantom-of-the-opera-tickets,2025
November,https://www.londontheatredirect.com/musical/les-miserables-tickets,2025
November,https://www.londontheatredirect.com/musical/the-book-of-mormon-tickets,2025
November,https://www.londontheatredirect.com/musical/hercules-tickets,2025
November,https://www.londontheatredirect.com/musical/hadestown-tickets,2025
November,https://www.londontheatredirect.com/play/harry-potter-and-the-cursed-child-tickets,2025
November,https://www.londontheatredirect.com/musical/clueless-tickets,2025
November,https://www.londontheatredirect.com/play/my-neighbour-totoro-tickets,2025
November,https://www.londontheatredirect.com/musical/starlight-express-tickets,2025
November,https://www.londontheatredirect.com/musical/titanique-tickets,2025
November,https://www.londontheatredirect.com/play/stranger-things-the-first-shadow-tickets,2025
November,https://www.londontheatredirect.com/musical/magic-mike-live-tickets,2025
November,https://www.londontheatredirect.com/musical/just-for-one-day-tickets,2025
November,https://www.londontheatredirect.com/musical/hamilton-west-end-tickets,2025
November,https://www.londontheatredirect.com/musical/come-alive-the-greatest-showman-circus-spectacular-tickets,2025
November,https://www.londontheatredirect.com/musical/oliver-gielgud-tickets,2025
November,https://www.londontheatredirect.com/play/witness-for-the-prosecution-tickets,2025
November,https://www.londontheatredirect.com/musical/abba-voyage-tickets,2025
November,https://www.londontheatredirect.com/musical/six-london-vaudeville-theatre-tickets,2025
November,https://www.londontheatredirect.com/play/the-play-that-goes-wrong-tickets,2025
November,https://www.londontheatredirect.com/play/othello-tickets,2025
November,https://www.londontheatredirect.com/play/the-mousetrap-tickets,2025
November,https://www.londontheatredirect.com/musical/choir-of-man-tickets,2025
November,https://www.londontheatredirect.com/play/all-my-sons-tickets,2025
November,https://www.londontheatredirect.com/play/the-lady-from-the-sea-tickets,2025
November,https://www.londontheatredirect.com/play/the-importance-of-being-earnest-london-tickets,2025
November,https://www.londontheatredirect.com/play/christmas-carol-ghost-story-tickets,2025
November,https://www.londontheatredirect.com/experience/faulty-towers-the-dining-experience-tickets,2025
November,https://www.londontheatredirect.com/play/born-with-teeth-tickets,2025
November,https://www.londontheatredirect.com/play/punch-tickets,2025
November,https://www.londontheatredirect.com/musical/the-producers-tickets,2025
November,https://www.londontheatredirect.com/play/ghost-stories-tickets,2025
November,https://www.londontheatredirect.com/play/the-weir-tickets,2025
November,https://www.londontheatredirect.com/musical/50-first-dates-the-musical-tickets,2025
November,https://www.londontheatredirect.com/play/the-spy-who-came-in-from-the-cold-tickets,2025
November,https://www.londontheatredirect.com/musical/dirty-dancing-capital-tickets,2025
November,https://www.londontheatredirect.com/play/austentatious-tickets,2025
November,https://www.londontheatredirect.com/musical/showstopper-the-improvised-musical-london-tickets,2025
November,https://www.londontheatredirect.com/musical/lovers-actually-tickets,2025
November,https://www.londontheatredirect.com/musical/get-down-tonight-tickets,2025
November,https://www.londontheatredirect.com/concert/henning-wehn-acid-wehn-tickets,2025
November,https://www.londontheatredirect.com/play/the-wanderers-tickets,2025
November,https://www.londontheatredirect.com/musical/coven-tickets,2025
November,https://www.londontheatredirect.com/experience/great-christmas-feast-tickets,2025
October,https://www.londontheatredirect.com/musical/the-devil-wears-prada-tickets,2025
October,https://www.londontheatredirect.com/musical/wicked-tickets,2025
October,https://www.londontheatredirect.com/musical/matilda-the-musical-tickets,2025
October,https://www.londontheatredirect.com/musical/moulin-rouge-tickets,2025
October,https://www.londontheatredirect.com/musical/back-to-the-future-tickets,2025
October,https://www.londontheatredirect.com/musical/the-lion-king-tickets,2025
October,https://www.londontheatredirect.com/musical/mj-the-musical-tickets,2025
October,https://www.londontheatredirect.com/musical/cabaret-london-tickets,2025
October,https://www.londontheatredirect.com/musical/mamma-mia-tickets,2025
October,https://www.londontheatredirect.com/musical/phantom-of-the-opera-tickets,2025
October,https://www.londontheatredirect.com/musical/les-miserables-tickets,2025
October,https://www.londontheatredirect.com/musical/the-book-of-mormon-tickets,2025
October,https://www.londontheatredirect.com/musical/hercules-tickets,2025
October,https://www.londontheatredirect.com/musical/hadestown-tickets,2025
October,https://www.londontheatredirect.com/play/harry-potter-and-the-cursed-child-tickets,2025
October,https://www.londontheatredirect.com/musical/clueless-tickets,2025
October,https://www.londontheatredirect.com/play/my-neighbour-totoro-tickets,2025
October,https://www.londontheatredirect.com/musical/starlight-express-tickets,2025
October,https://www.londontheatredirect.com/musical/titanique-tickets,2025
October,https://www.londontheatredirect.com/play/stranger-things-the-first-shadow-tickets,2025
October,https://www.londontheatredirect.com/musical/magic-mike-live-tickets,2025
October,https://www.londontheatredirect.com/play/stereophonic-tickets,2025
October,https://www.londontheatredirect.com/musical/the-curious-case-of-benjamin-button-tickets,2025
October,https://www.londontheatredirect.com/musical/just-for-one-day-tickets,2025
October,https://www.londontheatredirect.com/musical/hamilton-west-end-tickets,2025
October,https://www.londontheatredirect.com/musical/come-alive-the-greatest-showman-circus-spectacular-tickets,2025
October,https://www.londontheatredirect.com/musical/oliver-gielgud-tickets,2025
October,https://www.londontheatredirect.com/play/witness-for-the-prosecution-tickets,2025
October,https://www.londontheatredirect.com/musical/abba-voyage-tickets,2025
October,https://www.londontheatredirect.com/musical/six-london-vaudeville-theatre-tickets,2025
October,https://www.londontheatredirect.com/play/the-play-that-goes-wrong-tickets,2025
October,https://www.londontheatredirect.com/play/othello-tickets,2025
October,https://www.londontheatredirect.com/play/the-mousetrap-tickets,2025
October,https://www.londontheatredirect.com/musical/choir-of-man-tickets,2025
October,https://www.londontheatredirect.com/play/the-lady-from-the-sea-tickets,2025
October,https://www.londontheatredirect.com/play/the-importance-of-being-earnest-london-tickets,2025
October,https://www.londontheatredirect.com/play/salome-ticket,2025
October,https://www.londontheatredirect.com/experience/faulty-towers-the-dining-experience-tickets,2025
October,https://www.londontheatredirect.com/play/born-with-teeth-tickets,2025
October,https://www.londontheatredirect.com/play/punch-tickets,2025
October,https://www.londontheatredirect.com/musical/the-producers-tickets,2025
October,https://www.londontheatredirect.com/play/ghost-stories-tickets,2025
October,https://www.londontheatredirect.com/play/the-weir-tickets,2025
October,https://www.londontheatredirect.com/musical/50-first-dates-the-musical-tickets,2025
October,https://www.londontheatredirect.com/play/twelfth-night-london-tickets,2025
October,https://www.londontheatredirect.com/play/austentatious-tickets,2025
October,https://www.londontheatredirect.com/musical/showstopper-the-improvised-musical-london-tickets,2025
October,https://www.londontheatredirect.com/concert/representasian-an-evening-of-asian-talent-tickets,2025
October,https://www.londontheatredirect.com/play/hollyoaks-the-30th-anniversary-tour-tickets,2025
October,https://www.londontheatredirect.com/musical/get-down-tonight-tickets,2025
October,https://www.londontheatredirect.com/concert/an-evening-with-tottenham-legends-tickets,2025
October,https://www.londontheatredirect.com/play/the-wanderers-tickets,2025
October,https://www.londontheatredirect.com/musical/musik-tickets,2025
October,https://www.londontheatredirect.com/play/reunion-tickets,2025
October,https://www.londontheatredirect.com/play/the-pitchfork-disney-tickets,2025
October,https://www.londontheatredirect.com/play/invasive-species-tickets,2025
October,https://www.londontheatredirect.com/play/seagull-true-story-tickets,2025
October,https://www.londontheatredirect.com/play/dracula-tickets,2025
October,https://www.londontheatredirect.com/musical/love-quirks-tickets,2025
October,https://www.londontheatredirect.com/play/troilus-and-cressida-tickets,2025
October,https://www.londontheatredirect.com/play/the-woman-tickets,2025
October,https://www.londontheatredirect.com/experience/bridge-command-experience-tickets,2025
September,https://www.londontheatredirect.com/musical/the-great-gatsby-tickets,2025
September,https://www.londontheatredirect.com/musical/the-devil-wears-prada-tickets,2025
September,https://www.londontheatredirect.com/musical/wicked-tickets,2025
September,https://www.londontheatredirect.com/musical/matilda-the-musical-tickets,2025
September,https://www.londontheatredirect.com/musical/moulin-rouge-tickets,2025
September,https://www.londontheatredirect.com/musical/tina-the-tina-turner-musical-tickets,2025
September,https://www.londontheatredirect.com/musical/back-to-the-future-tickets,2025
September,https://www.londontheatredirect.com/musical/the-lion-king-tickets,2025
September,https://www.londontheatredirect.com/musical/mj-the-musical-tickets,2025
September,https://www.londontheatredirect.com/musical/evita-the-musical-tickets,2025
September,https://www.londontheatredirect.com/musical/hadestown-tickets,2025
September,https://www.londontheatredirect.com/musical/cabaret-london-tickets,2025
September,https://www.londontheatredirect.com/musical/mamma-mia-tickets,2025
September,https://www.londontheatredirect.com/musical/phantom-of-the-opera-tickets,2025
September,https://www.londontheatredirect.com/musical/les-miserables-tickets,2025
September,https://www.londontheatredirect.com/musical/the-book-of-mormon-tickets,2025
September,https://www.londontheatredirect.com/musical/hercules-tickets,2025
September,https://www.londontheatredirect.com/play/the-comedy-about-spies-tickets,2025
September,https://www.londontheatredirect.com/play/john-cleeses-fawlty-towers-the-play-tickets,2025
September,https://www.londontheatredirect.com/play/harry-potter-and-the-cursed-child-tickets,2025
September,https://www.londontheatredirect.com/musical/clueless-tickets,2025
September,https://www.londontheatredirect.com/play/my-neighbour-totoro-tickets,2025
September,https://www.londontheatredirect.com/musical/starlight-express-tickets,2025
September,https://www.londontheatredirect.com/musical/come-alive-the-greatest-showman-circus-spectacular-tickets,2025
September,https://www.londontheatredirect.com/musical/titanique-tickets,2025
September,https://www.londontheatredirect.com/play/stranger-things-the-first-shadow-tickets,2025
September,https://www.londontheatredirect.com/musical/magic-mike-live-tickets,2025
September,https://www.londontheatredirect.com/play/stereophonic-tickets,2025
September,https://www.londontheatredirect.com/musical/the-curious-case-of-benjamin-button-tickets,2025
September,https://www.londontheatredirect.com/musical/just-for-one-day-tickets,2025
September,https://www.londontheatredirect.com/musical/hamilton-west-end-tickets,2025
September,https://www.londontheatredirect.com/play/the-play-that-goes-wrong-tickets,2025
September,https://www.londontheatredirect.com/musical/oliver-gielgud-tickets,2025
September,https://www.londontheatredirect.com/play/witness-for-the-prosecution-tickets,2025
September,https://www.londontheatredirect.com/musical/abba-voyage-tickets,2025
September,https://www.londontheatredirect.com/musical/six-london-vaudeville-theatre-tickets,2025
September,https://www.londontheatredirect.com/play/a-man-for-all-seasons-london-tickets,2025
September,https://www.londontheatredirect.com/musical/the-enormous-crocodile-tickets,2025
September,https://www.londontheatredirect.com/play/good-night-oscar-tickets,2025
September,https://www.londontheatredirect.com/play/the-lion-the-witch-and-the-wardrobe-london-tickets,2025
September,https://www.londontheatredirect.com/play/the-mousetrap-tickets,2025
September,https://www.londontheatredirect.com/musical/choir-of-man-tickets,2025
September,https://www.londontheatredirect.com/play/the-lady-from-the-sea-tickets,2025
September,https://www.londontheatredirect.com/musical/burlesque-musical-tickets,2025
September,https://www.londontheatredirect.com/play/the-importance-of-being-earnest-london-tickets,2025
September,https://www.londontheatredirect.com/musical/brigadoon-tickets,2025
September,https://www.londontheatredirect.com/play/till-the-stars-come-down-tickets,2025
September,https://www.londontheatredirect.com/experience/faulty-towers-the-dining-experience-tickets,2025
September,https://www.londontheatredirect.com/play/horrible-histories-barmy-britain-the-best-bits-tickets,2025
September,https://www.londontheatredirect.com/musical/diamonds-and-dust-tickets,2025
September,https://www.londontheatredirect.com/play/born-with-teeth-tickets,2025
September,https://www.londontheatredirect.com/play/the-smeds-and-the-smoos,2025
September,https://www.londontheatredirect.com/play/alice-in-wonderland-london-tickets,2025
September,https://www.londontheatredirect.com/play/punch-tickets,2025
September,https://www.londontheatredirect.com/play/the-merry-wives-of-windsor-tickets,2025
September,https://www.londontheatredirect.com/musical/the-producers-tickets,2025
September,https://www.londontheatredirect.com/experience/storehouse-tickets,2025
September,https://www.londontheatredirect.com/play/the-weir-tickets,2025
September,https://www.londontheatredirect.com/play/hold-on-to-your-butts-tickets,2025
September,https://www.londontheatredirect.com/musical/50-first-dates-the-musical-tickets,2025
September,https://www.londontheatredirect.com/musical/oscar-at-the-crown-tickets,2025
September,https://www.londontheatredirect.com/play/the-daughter-of-time-tickets,2025
September,https://www.londontheatredirect.com/play/buffy-revamped-tickets,2025
September,https://www.londontheatredirect.com/play/twelfth-night-london-tickets,2025
September,https://www.londontheatredirect.com/musical/showstopper-the-improvised-musical-london-tickets,2025
September,https://www.londontheatredirect.com/musical/get-down-tonight-tickets,2025
September,https://www.londontheatredirect.com/play/the-tiger-who-came-to-tea-tickets,2025
September,https://www.londontheatredirect.com/play/the-gathered-leaves-tickets,2025
September,https://www.londontheatredirect.com/dance/eireann-tickets,2025
September,https://www.londontheatredirect.com/musical/black-power-desk-tickets,2025
September,https://www.londontheatredirect.com/concert/the-bon-jovi-experience-tickets,2025
September,https://www.londontheatredirect.com/play/austentatious-tickets,2025
September,https://www.londontheatredirect.com/play/reunion-tickets,2025
September,https://www.londontheatredirect.com/play/the-pitchfork-disney-tickets,2025
September,https://www.londontheatredirect.com/play/invasive-species-tickets,2025
September,https://www.londontheatredirect.com/play/seagull-true-story-tickets,2025
September,https://www.londontheatredirect.com/play/dracula-tickets,2025
September,https://www.londontheatredirect.com/play/pride-and-prejudice-tickets,2025
September,https://www.londontheatredirect.com/play/every-brilliant-thing-tickets,2025
September,https://www.londontheatredirect.com/musical/love-quirks-tickets,2025
September,https://www.londontheatredirect.com/musical/six-singalong-tickets,2025
September,https://www.londontheatredirect.com/play/troilus-and-cressida-tickets,2025
September,https://www.londontheatredirect.com/play/the-woman-tickets,2025
September,https://www.londontheatredirect.com/experience/bridge-command-experience-tickets,2025
